method,n_records,qi_specificity_score,utility_weighted_specificity,qi_exact_rate,qi_generalized_rate,qi_placeholder_rate,qi_dropped_rate
none,100,1.0,1.0,1.0,0.0,0.0,0.0
direct,100,1.0,1.0,1.0,0.0,0.0,0.0
blanket_qi,100,0.25,0.25,0.0,0.0,1.0,0.0
rbqig_b2,100,0.381048,0.369872,0.0,0.327619,0.672381,0.0
rbqig_b4,100,0.446572,0.439219,0.0,0.491428,0.508572,0.0
rbqig_b4_no_combo,100,0.446572,0.439219,0.0,0.491428,0.508572,0.0
rbqig_b6,100,0.561619,0.55554,0.0,0.779048,0.220952,0.0
